Gene, Label, Status, Enzyme, Position, Strand, GC_content, On-target_score, On-target_method, Aggregated_off-target_score, Max_pairwise_off-target_score, Off-target_method, >9_consecutive_A/T, 4-Homopolymer, Triple_T, Sequence, Recoded_sequence, Recoded_sequence_pairwise_off-target_score
-,Values for valid gRNAs, Valid, Cas9, 1810 to 2039, +/-, >=0.25, >=35.0, azimuth, >=20.0, >=50.0, cfd, False, False, False, -, Recoded if upstream of stop codon, >=10
-,Values for backup gRNAs, Backup, Cas9, 1810 to 2039, +/-, >=0.2, >=35.0, azimuth, <20.0, <50.0, cfd, False, True, True, -, Recoded if upstream of stop codon, >=10
-,Values for rejected gRNAs, Rejected, Cas9, 1810 to 2039, +/-, <0.25, <35.0, azimuth, Not evaluated, Not evaluated, -, True, Not evaluated, Not evaluated, -, Not recoded, -
PF3D7_1436600.1,PF3D7_1436600.1 Cas9 gRNA (backup),Possible backup (high max pairwise off-target); (4-homopolymer); ,Cas9,[2003 to 2023],-,0.3,38.205987609040235,azimuth,33.283473,51.587302,cfd,False,True,False,GAAAAAGTATGACCCTAAAA,No recoded region necessary,-
PF3D7_1436600.1,PF3D7_1436600.1 Cas9 gRNA (backup),Possible backup (4-homopolymer); ,Cas9,[2002 to 2022],-,0.3,53.18200361542286,azimuth,31.758802,43.75,cfd,False,True,False,AAAAAGTATGACCCTAAAAG,No recoded region necessary,-
PF3D7_1436600.1,PF3D7_1436600.1 Cas9 gRNA (backup),Possible backup (4-homopolymer); ,Cas9,[2001 to 2021],-,0.35,65.58448138932424,azimuth,65.698133,27.575758,cfd,False,True,False,AAAAGTATGACCCTAAAAGG,No recoded region necessary,-
PF3D7_1436600.1,PF3D7_1436600.1 Cas9 gRNA (backup),Possible backup (4-homopolymer); ,Cas9,[2000 to 2020],-,0.4,63.056417670476364,azimuth,94.494624,5.826127,cfd,False,True,False,AAAGTATGACCCTAAAAGGG,No recoded region necessary,-
PF3D7_1436600.1,PF3D7_1436600.1 Cas9 gRNA (backup),Possible backup (4-homopolymer); ,Cas9,[1999 to 2019],-,0.45,65.82697230322526,azimuth,100.0,0.0,cfd,False,True,False,AAGTATGACCCTAAAAGGGG,No recoded region necessary,-
PF3D7_1436600.1,Unlabeled,Rejected (low on-target score) unlabeled (due to rejection),Cas9,[1988 to 2008],+,0.35,16.453808515026846,azimuth,Not evaluated,Not evaluated,cfd,False,Not evaluated,Not evaluated,TTTTTTTTCCCCCCCTTTTA,Not recoded,-
PF3D7_1436600.1,Unlabeled,Rejected (low on-target score) unlabeled (due to rejection),Cas9,[1987 to 2007],+,0.35,9.807050565353919,azimuth,Not evaluated,Not evaluated,cfd,False,Not evaluated,Not evaluated,TTTTTTTTTCCCCCCCTTTT,Not recoded,-
PF3D7_1436600.1,Unlabeled,Rejected (low on-target score) unlabeled (due to rejection),Cas9,[2004 to 2024],-,0.3,31.464957030772933,azimuth,Not evaluated,Not evaluated,cfd,False,Not evaluated,Not evaluated,TGAAAAAGTATGACCCTAAA,Not recoded,-
PF3D7_1436600.1,Unlabeled,Rejected (low GC content) unlabeled (due to rejection),Cas9,[1915 to 1935],-,0.1,Not evaluated,azimuth,Not evaluated,Not evaluated,cfd,True,Not evaluated,Not evaluated,ATAAATATTTTATGTAAAGA,Not recoded,-
PF3D7_1436600.1,Unlabeled,Rejected (low GC content) unlabeled (due to rejection),Cas9,[1915 to 1935],-,0.1,Not evaluated,azimuth,Not evaluated,Not evaluated,cfd,True,Not evaluated,Not evaluated,ATAAATATTTTATGTAAAGA,Not recoded,-
PF3D7_1436600.1,Unlabeled,Rejected (low GC content) unlabeled (due to rejection),Cas9,[1846 to 1866],-,0.0,Not evaluated,azimuth,Not evaluated,Not evaluated,cfd,True,Not evaluated,Not evaluated,ATTTATTTATTTATTTATTT,Not recoded,-
PF3D7_1436600.1,Unlabeled,Rejected (low GC content) unlabeled (due to rejection),Cas9,[1846 to 1866],-,0.0,Not evaluated,azimuth,Not evaluated,Not evaluated,cfd,True,Not evaluated,Not evaluated,ATTTATTTATTTATTTATTT,Not recoded,-